text,label
That's it if Pep gets to claim community shields then I can too,banter
"Boss we’re not doing this… community shield isn’t a trophy, it’s a dinner plate",banter
"you go get them Pep, use the party tray as shield.",banter
Maybe his balding is spreading to his brain,banter
I think you'll find there's still a Europa League final to be played Josep.,banter
"It's possible this list is meant more as ""players available for free,"" so if Tierney is confirmed going back to Celtic that may be why he's not included",analysis
"He was actually good for us. A few were disappointed we didn't sign him, but it won't happen now.",analysis
VAR pulled up his Post Shot xG in finals and decided nah,hot_take
Might as well book the open top bus parade now.,banter
Pretty sure Jorginho is confirmed going to Flamengo when his contract is up.,analysis
An injury set Rakitic behind when the team of Schalke had like 40 players. Another player used their chance and Rakitic only played sparsely anymore. That other Player was Jurado who had a good chemistry with Raul.,analysis
Trent hasn't signed anything with Real yet so nothing is confirmed. It's basically because they'll try and buy him before the Club World Cup nonsense.,analysis
"Man has played for Man U, Spurs and Atletico. Dude has played for good clubs, I mean he must be satisfied with his career.",analysis
He’s divisive and from the looks of him when he was subbed off yesterday seems to be going,analysis
And a lot of his goals were certified bangers. We didn't just call him Rocketic because it sounded cool (it does definitely sound cool though).,banter
Tbh I think it will be a great addition to midfield. We all know Madrid has some midfield problems after Kroos. But why after 2026?,hot_take
"Also good dribbler - 2.48 successful take-ons per 90, 91st percentile for attackers/wingers. How is his workrate? Stats don't show that.",analysis
The best league in the world bar none. Of course they chose the most wildly impractical solution to this issue. Bosiljevo interchange is an hour away from Zagreb and Rijeka and about two hours from Šibenik where Hajduk is playing. Whatever happens there will be legendary scenes.,hot_take
[Tom Cairney walking out with 11 year old Josh King as mascot in 2018 vs playing with him this season](https://i.imgur.com/cVLRIXe.jpeg) No it's not that Josh King.,banter
Wirtz and Rejinders will solve all their midfield problems.,hot_take
I think Israel might be the more pressing issue,banter
The greatest midfield three of all time helped,hot_take
"Well.... one of spurs and united are in the CL guaranteed, and City are not guaranteed yet. Checkmate, yahtzee, gin and numberwang",banter
"Hahaha - rattled, flexing the Community Shield like it means something. Come back when you've won the Emirates Cup, you fucking bald failure.",banter
"And he was sold in the winter for like 1,5 million to Sevilla. I mean back then nobody knew but... that was a steal.",analysis
"0.69 on fotmob. They always make it lesser than it should be, according to them he has xg of 1.76 but in reality it's like 2.5",analysis
"It’s a smart business move from the owners because they are playing him with Nico Paz, who is also staying for another year. Fabregas is showcasing his young midfield and the club will be able to sell on for profit in a few years time. It’s win-win for everyone.",analysis
"Conte likes leaving. Also, we may offer him more money.",hot_take
He can’t leave until every ounce of homophobia is quelled in the Netherlands.,hot_take
If Milner doesn't then I can't see anyone beating Gareth Barry's record An unreal achievement from that lad.,analysis
"DCL is a lunatic for rejecting that, doesn’t even deserve half that right now.",banter
Hey fuck off. Allegri is ours.,hot_take
I think we can start respecting the 4th place trophy as well.,banter
Do they know Conte? Should be him and Lukaku not Osihmen,hot_take
Weak sauce. Chukwueze scored a harboring against us from less than 1 combined xg when he was at Villarreal,analysis
"Because basically everybody in Prem spends 100M each season. If you spend 100M in a league that doesn't have more money than sense, then it's close to impossible to *not* finish in the top half after spending that kind of money.",analysis
I swear he's been around 10 years now. If hes 21 then he must have come through after/during COVID which can't possibly be true,hot_take
"It will be interesting to see if Allegri can improve upon what Conte has done, like he did at Juventus.",hot_take
We’re not ready for the Kevin-MacAllister midfield. YNHA (You’re Never Home Alone),hot_take
"Yamal has that Neymar flair to his play. Haven't been this fun to watch a player just fuck over defenses since Neymar was in Barca. Pedri, just no words. Alongside de Jong, just bossing around any midfield. His vision is something special",hot_take
How did they concede 1.77 xG from 7 shots?,analysis
Give it a rest for a second and let a brother joke,hot_take
"TBF he does actually mention that United and Spurs can still qualify for the CL and win a trophy in the full interview, and that Chelsea can win the conference league.",analysis
"Think people would take Doucoure as a squad player and on cheaper wages (supposedly one of our highest earners), but he's not taking a wage cut.",hot_take
"Often injured, and has lost a lot of his pace, which was his main weapon. He's also quite unreliable defensively compared to Veltman, but has really improved his delivery and passing game. There's a PL player there for a squad that uses wingbacks, I just don't think that's us.",analysis
"If you watch the goals, the strikers were on a complete 1v1 in 2 of them, which is a big xG boost.",analysis
"I always liked Doucoure, even back at Watford. Wouldn’t mind him at Newcastle as a squad player but he seems to not want to take a big pay cut. Surprised to hear he’s divisive, my two Uncles who are Toffees both rate him highly and want him tied down.",hot_take
"He has long history with Juventus, played over 400 times for them and lead them to three league titles as manager",analysis
"Dude, they only had Villa, Ibrahimovic, Alexis Sanchez, Pedro, Neymar and Suarez backed by the the greatest midfield the world had ever seen. It's basically a miracle they won so many titles.",banter
We are not paying 5m for a 40 year old lol. The Milner ship sailed.,hot_take
That's not how xG works,hot_take
While I wouldn't say that it's impossible the issue was more him not being good at receiving the ball in midfield,analysis
"Well, Barca are clearly tired after this whole season, players are playing very often and in Flick's system, playing very intensely, lots of running and high pressing. Thank the stars they're not going to CWC.",analysis
"Pressing R1 and O, every 2 minutes. Or is it L1 and square? I haven’t played in a while",banter
"Tchou is like the perfect DM in a 2 midfield set up, he has to start next to Valverde. Also they're definitely signing another CB, don't buy Mendy as starter 3421 Courtois Huijsen - Rudiger - X/Militao TAA- Tchou - Valverde- Carreras/Theo/Kerkez Bellingham Vini Mbappe",analysis
That man refused to admit Lukaku was a good player at inter. Always said that he never scored against big teams even when he scored against every team in the league Only guy I ever blocked as he kept following me around this place,hot_take
Carlo once picked Kaka over Zidane in his ultimate midfield coached by himself just bec of 1 single thing - workrate... I think the same thing might be something he wants to see in his players at Brazil,analysis
I’ve assumed Carson has a been on a rolling 1 year at a time renewal for a decade now tbh. “That was alright. Nice double this year. Fancy another one Scott?” “Why not.” Sort of vibes,banter
"Actually I think you'll find Pep, teams like Aston Villa have this century have won prestigious trophies like the 2001 Intertoto cup.",banter
Complete the midfield trio Kevin 🇧🇪,banter
"So, the Community Shield only counts if you've won everything else as well? Sorry, Palace, August is a wash for you.",banter
Reckon he's got more time off the pitch to crush some cans now so sales ought to increase alongside his xG(ulps),banter
That sort of high press was something I have never seen a team play in my life. People joke about the donut but the team literally looked like that on the pitch. Never seen a team completely give up midfield like that.,analysis
have they never heard of a helicopter sunday? smh,banter
You’re getting downvoted but it’s Mokbel who is very good for London clubs,hot_take
"it wasn't sheannigans, Mislintat is a madman and was negotiating for the club without approval from the board, he was fired because of that.",analysis
"We got through the semis and quarters with anti Ange ball, pointless to stick to a 3 man midfield with all the injuries at this point. If he bucks the trend so far and sticks with our league formation, he's dead to me. 442 is the way with the players available.",analysis
You should've seen how shit he was when he was a baby! Luckily he's not a baby anymore,banter
"Napoli, as a team and all the stuff that gravitates around it, makes it really hard to be the coach. It gets tiring. At the post match conference yesterday, Conte was basically an empty shell",analysis
"You are 10th for xGA and 15th for XG It is a massive overperformance and there was always going to be a regression, even finishing 7th will be a huge overperformance still",analysis
Xabi might actually demand a great bit of pressing from his players.... Imo huijson was the main target bec of his ball playing abilities & age along with his defence & physique,hot_take
Kimmich went the extra mile by taking a photo where he looks like a child as well,banter
I don't think Salah was lazy either. Firmino and especially Mane were simply machines and incredible at pressing. It's no wonder that the 2018-2021 Liverpool side was one of the greatest the league has ever seen when both of them were at the peak of their athletic abilities.,analysis
The fact that RB Leipzig are midtable in xG and are significantly overperforming should indicate how bad they were throughout the season.,analysis
"Tudor isn't impressing too much. His main skill is allegedly being able to apply a style super fast and get results but it's not happening and it's already 2 months now. Quite frankly, the only reason we are 4th is because the rest of the competitors are fucking up at the same pace as we do.",analysis
Chances with xG of more than 0.38 iirc? Not sure i remember tbch,analysis
Yeah it's honestly why I think playing them is so hard in the world cup. When you got 10 guys front to back pressing it's got to be enough to atleast rattle some teams and shithouse a win,hot_take
You make so many negative comments about Arsenal on every thread. It's a disturbing obsession you seem to have.,hot_take
People still laugh about clubs wanting Allegri?,hot_take
That’s 7 surgeries in one season. 1. Jesus 2. Tomiyasu 3. Ben White 4. Gabriel 5. Kai Havertz 6. Bukayo Saka 7. Jurrien Timber,analysis
What's the point? That we have to avoid interaction with other clubs to get a deal done before September?,hot_take
He's the only man in this country who counts the community shield ffs,banter
Tbf our moves make some sense when they're made. They just always inevitably fail because at some point I assume Glazer bulldozed an ancient Indian burial ground.,banter
"11/12 was freakier imo, he was under pep so was also running and pressing more and working the triangles with alves, xavi, busquets, iniesta. But he went from good/average playmaker to the best playmaker we've ever seen during 2015 onwards",analysis
it's all the jersey's Müller ever wore,banter
"Start of the season I wouldnt have minded if Diaz was sold, but at this point he's better at playing 9 than Jota and Nunez are, and is still solid (while not world class) out wide. If we got a big bid for him I think it would be wise to let him go but atm we have more pressing matters with finding at least 1 new striker",analysis
"I'm not a Liverpool fan, but even I know that it's not so much about him leaving, just more about how he's done it.",hot_take
Hazard - KDB - Salah in behind Lukaku... Good lord.,banter
"100% - Newcastles biggest strength is their physicality and intensity in the midfield and pressing up front. Add in more games + travel, it will definitely impact energy and fatigue levels.",analysis
prepping argentinas midfield for the future,banter
"He said Champions League rivals, let me honest ye aren't quite there, yet.",hot_take
"Nah, you'll soon be graced by the beauty of mottafication i can feel it",banter
He won't take no for an answer,hot_take
Since the start of the 24/25 season Matt O'Riley has made more appearances on Fabrizio Romano's twitter page(13) than starts in the Premier League (11).,banter
"He was class playing as a right back in a four, coming inside to link the midfield and defence, as soon as he had to play as either a wingback or a wide centre back he stopped showing his best qualities. Just more suited to what Ten Hag wanted.",analysis
"Honest question - if the Community Shield were played mid season, like all other leagues 'Super Cup' - would it be considered a more significant trophy?",hot_take
"If Raphinha gets injured, it is his son's duty to replace him and become the G/A merchant for the team",banter
"You just need to look at the amount of american posters with ridicolous takes, and obsessed with stats like xG. The same people who desperately want a superleague since they only care about big franchise teams.",hot_take
"Watching Hojlund makes me feel grateful for having Nunez. Yes Nunez might miss some sitters and be a bit brain dead but at least he contributes when he’s on the pitch, even if it just pressing like a mad man. Hojlund is a traffic cone",hot_take
"Yeah I assume it's going to be the same but with the playmaker being Trent on the right. The left still leaves a question. I feel like Vini could get the job there, but he might not like being a wingback and his defensive work isn't the greatest. Maybe Tchou and Camavinga in the midfield could supplement that, protecting the middle while the wide CBs, well, stay wide.",analysis
No he isn’t.. what an absurd take for someone who is only 21 years old..,hot_take
"First few matches as CB were eventful, both great moments and big mistakes, but as we lost our entire midfield and reserve options, he became a great CM. Definitely a very good surprise and a valued member of the squad",analysis
Chelsea were clear favourites for conference start of the season and likewise united/spurs would've been favourites for Europa start of the season how is that great for the neutral lmao,analysis
XG WITHOUT CONSIDERING GAME STATE IS STUPIDITY XG WITHOUT CONSIDERING GAME STATE IS STUPIDITY XG WITHOUT CONSIDERING GAME STATE IS STUPIDITY XG WITHOUT CONSIDERING GAME STATE IS STUPIDITY X WITHOUT CONSIDERING GAME STATE IS STUPIDITY,banter
"I dont necessarily agree with that one, Bellingham has shown to put a shit load of work in defensively and has covered multiple times for Mbappe and Vinicius' lack of pressing/defensive duties this season Trent just downs tools",analysis
"He's not underrated. He's rated exactly how he should be rated - everyone is very thankful for one of the best individual performances at an international tournament (WC 2018) we've seen from any of our players in our history. Other than that, he's done fuck all for the NT. He's skipped the NT numerous times, was criticized for it and when he didn't skip it, he was most of the times bang average, or even worse than that.",analysis
Kerkez is great at defending and pressing. Frimpong can definitely work on his defensive abilities.,hot_take
"We definitely had good depth in the areas we had injuries before the end of the season (CB and midfield), but at fullback there was a noticeable drop off that revealed itself at the end of the season, and we’re also lucky not to have lost Yamal for a spell.",analysis
> I'm stressed out my mind and a woman dressed as Latvia is asking me if football matches last 80 or 90 minutes. Absolutely roaring at this picture,banter
Imagine making a movie about all that. It all sounds so unbelievable but then in the middle of the movie the owner dies in a helicopter crash outside the stadium as the players look on.,banter
"Looking back I can't see a single upside to us resigning Ronaldo other than the brief bit of joy having one of my all time favourites back at the club. Signing him forced us to completely change the type of team we were building to accomodate his lack of pressing, often wonder how it might have gone had we not gone for him",analysis
That's almost the Belgian front line though. Who did they have playing the inverted right forward?,analysis
Just remember they have no right at all to come in your house to check anything if you don’t let them.,hot_take
I'm heavy into Pep and Arteta having a weirdo off while Slot is off his nut in Ibiza. The one bald to rule them all.,banter
"Nuno has won an Emirates Cup and Pep hasn't, I know who my bald GOAT is",banter
"he's pulled the greatest underdog story in history, he's one of the greats",hot_take
Every now and then I remember Leicester won the league and just... *what the fuck*,banter
I for some reason just can't comprehend that Cherki is still only 21.,banter
"He was an absolute machine that always covered and tracked back to help Robertson, while also pressing and scoring goals He definitely became more selfish in front of goal",analysis
Which leaves two spots. Most would argue one with Valverde playing in midfield....,analysis
"What is his natural position, 10/attacking midfielder or right wing? Asking because i don't know what will happen to Chiesa in Liverpool and wouldn't be surprised for him to be a replacement option if the price is right.",hot_take
Conte was sent off in the Napoli match at around the same time too.,analysis
"Makaay was such a unique striker. One chance one goal, get him in position and he was lethal as hell. One of the best finishers I've seen, his efforts were almost always on target. It was a shame that the Bayern team he moved to wasn't that good, he would have been so prolific in front of a midfield that created chances for him all game.",hot_take
"Armstrong probably moves into the senior team as well, and MAYBE Dixon, although he’s much less likely to",hot_take
"I remember there was these certain players called Messi and Ronaldo once. You might have heard of them. They were mostly known of their abilities to ghost 85 minutes but still score two goals. I don't understand this subs argument about pressing or some shit. Forwards job is to score goals. It doesn't matter that he's invisible for 75 minutes if he scores a goal, let alone a hattrick. The bias towards Mbappe and Real Madrid is insane.",hot_take
"A midfield maestro and an integral (and sadly underrated) part of our 2018 World Cup run. He’s an absolute legend, and while he’s currently playing for our arch rivals - they can’t make me hate you Raketa. You’ll always be a legend to us Croats.",hot_take
"Yeah the Chelsea bit is especially weird,.",hot_take
Trent isn’t fully confirmed tho unless I missed something,analysis
He’s come through with some big goals but he’s extremely technically limited and generally a liability in possession,hot_take
Why does Conte want to leave?,hot_take
Galatasaray is pressing all buttons to keep Osi stay... Seriosly... He should stay.,hot_take
30 Year Old Yamal Back Post Crosses to 23 year old Raphinha Jr we will be there .,banter
Is it fair to say he’s their second greatest manager in the 21st century after David Moyes,banter
"Mbappe let Barcelona get forward by not pressing? Barcelona players couldn't play around one guy? I find that players are not that interested in xpressures per 90 and more about results of games and goals scored for their team. Similarly, when people online always point out how penalties are a draw, the players don't care about that, they win or lose.",hot_take
"That would be a big hit for Brazil, that midfield is already struggling from a competitive point of view",hot_take
Those massive risks and trusting future revenue from European competitions is what Lendoiro had previously done with Hockey Club Liceo. The results were similar.,analysis
"So did Liverpool fans when you guys went through a major injury crisis, so did spurs fans when they went through theirs and you’re within your rights to do that. You have free will if you no longer wish to engage in discussions around arsenals injury problems, you don’t have to reply and engage in said conversation",hot_take
To everyone’s surprise he turned out to be great midfield prospect.,hot_take
"I mean we have one of the best defensive records in the league despite sanchez best efforts, and have massively underperformed our XG, while im not his biggest fan, I would keep him, who else is there anyway?",analysis
Yeah Caicedo really doesn't get the respect he deserves. He's the main man on Chelsea's midfield.,hot_take
"But aren't Mac Allister and Gravenberch the set midfield? I suppose rotation would be possible, but it seems odd to have your 70m midfielder as a rotational option (plus didn't Slot not rotate a lot this season?)",analysis
Give it a few seasons,hot_take
"He's like my mum, forever 21. She's been 21 since 1988",banter
"This is A BIT like Fergie dragging those makeshift United squads to titles. Our season has been so cursed with injuries that if we had a lesser quality manager, we would for sure not make CL semis and be battling hard for top 6, maybe even top 8.",analysis
They sold his best player midseason without replacement?,hot_take
“How can we ignore it” my suggestion is not coming onto Arsenal injury news threads,banter
"Turan has the better xG it has to be said. That is, if we defined xG as 'Expected Guns (shot in a hospital)'...",banter
"""I've heard nothing about messi walking"" are you serious?, it literally got talked about everytime barca and Argentina didn't win lmao as for vini you're kinda correct, he was definitely pressing better in previous seasons but even with a decline in that area he is not the worst offender in that team.",analysis
Who else besides Thomas Müller should I manifest to 1. FC Köln this summer break?,banter
Well he had his chances. It's not like he was at some midtable Croatian club until he was 28. The lad has tried it in Germany and Italy.,analysis
Kid's hair is cool with the Barca colours.,banter
"Disgusting, good that he was identified and arrested.",hot_take
"they were heavily predicted to be in a relegation battle They were 11/4 to be relegated, 10/1 to finish bottom and 50/1 to finish in the top 6 They have massively outperformed XG and xGA In what way should they be doing so much better? They've completely exceeded expectations and have achieved way more than their performances suggest they should have",analysis
"Yes, he was cooked when he left us but I hoped a lower league would have helped him. Immobile based his career on relentless pressing and attacking the space where I truly believe he was top 3/5 itw. The moment he was no longer physically able to do that, he was finished at top level",analysis
"March-May the following players have missed games or played with lingering injuries: Dumfries, Thuram, Lautaro, Pavard, Dimarco, Zielinski, Taremi, Darmian, Zalewski. Against Bayern we had hobbled Thuram starting and no subs, no Dumfries, no subs for wingbacks and only 1 sub available for the midfield. If they weren’t depleted they wouldn’t have dropped those easy points in Serie A",analysis
What if you win everything ***and*** whine?,banter
Oh it was unbelievably biased. Every time Lineker said something even mildly pro trans they had a paragraph of the interviewer writing “well I reckon he’s wrong here!”,hot_take
Peter Lovenkrands (Danish) famously speaks with a Scottish accent because he played in Rangers for so long.,analysis
But the other teams didn't play in a lower division before. They already had a squad to compete in serie a. Como needed to strengthen their squad coming from a lower division. So that's not a fair comparison either. But ofcourse if you have the transfer budget to do so it will help alot. Most other teams who would promote don't have this luxury.,analysis
That is the most wholesome gift that I have ever seen,banter
"xG is a pre-shot metric, it is taken as the quality of the chance. The goalkeeper has nothing to do with it, it is the defenders or the midfielders that have to prevent shots with high quality.",analysis
We are tied with Dortmund on points and goal difference in the xG table. Made a huge difference to our season. As bad as our defense has been our offense has been good enough at creating chances to offset that. But our finishing has been woeful.,analysis
"Tbh bruno and caicedo would be an insane midfield pairing lol, maybe too dysfunctional but def scary as hell",hot_take
"Apart from Marmoush, any other player City signed in the Jan window established in the first team ? Was surprised to see Gonzalez not starting in the fa cup final particularly as City went with a midfield of KDB and Silva.",analysis
"pep's won the lot and he still thinks it's a trophy, I'd believe him over any redditor tbh",hot_take
"Simple, the rotation got injured, so easier to go over the limit Add to that a shit ton of minutes playing a man down early in the season and your recipe for disaster is right there",banter
Fucking hell you lot take this place seriously. It's reddit.,banter
"He wasn't really that highly rated tbh, he had 1 good season with PSV in the Eredivisie and that's mostly it.",analysis
What's happening with Grealish this season? Seems mental for him not to even get a sniff during the final,hot_take
I Imagine it will happen again.,hot_take
ok now do xG of other matches.,banter
"Weirdly I think this formation could suit TAA perfectly. Everyone knows he’s not the best defender but this position would give him licence to go forward and cut into midfield/no. 10, knowing Valverde is there to fill the position. He needs more centre backs to make the formation work as a whole, but I don’t think the rumours with Saliba are coming from no where. Clearly that’s the next priority position for Madrid.",analysis
"I couldn’t agree more. Yes, we had a lot of injuries this season, but I can name only about 4 players who had a good season. The rest were just mediocre, or outright terrible. Our bench lacks in quality, and the midfield and attack are absolutely hopeless against a defensive minded team. Whether we win or not next week, questions need to be asked. Many players need to be booted, and the squad is in dire need of an overhaul",analysis
came here to say this,banter
"Who is defending the genocide or diminishing it? Saying ""This football forum isn't a great place for discussing genocide"" isn't defending said genocide.",hot_take
He isn’t a mod mate,banter
"Real Madrid absolutely cared. You can say many things about them, but they tried everything up their sleeve: long shots, lay-offs, crosses, dribbles... You name it. The ball just wouldn't go in, and their absurd shot numbers and xG show it.",analysis
"Not really. HSV was very clinical, Ulm wasn't (and had a missed penalty, which is roughly 0.75 xG iirc).",analysis
"Kante wasn't better in 15/16 than Vardy. Even with Kante in midfield the team were still conceding two every week for the first half of the season and had to claw back the points. It was the individual brilliance of Vardy (and Mahrez) scoring 11 in a row that even put the team in the race in the first place, let alone won it.",analysis
You’re taking the piss if you don’t think he gets into Liverpool’s midfield,hot_take
Yeah what a ridiculous midfield. Like it's not quite Xavi Iniesta era Spain but they were really right up there for best in the world for those starting 3 plus kova. Outplayed so many teams people wouldn't otherwise expect Croatia to be able to handle.,analysis
"The brother plays with absolutely 0 intensity. He’d get eaten alive in midfield. He’s technically clean, but I wouldn’t say he’s great on the ball. And even just saying you’re willing to concede Pogba MAY be more press resistant is insanity. As insane as the Ugarte the point the other person mentioned",analysis
"I remember he was really highly rated, even last season people were saying he's way too good for the Championship. Have to admit I rarely watch Southampton so I'm not sure how good he is right now, but thought it was odd no one was really mentioning him in this thread.",hot_take
"It's probably another reason, considering that Napoli is willing to spend a lot",hot_take
"We did last summer with Zirkzee, then dragged the Urgarte deal for 2 months, and we still paid what they asked.",analysis
"this is just people on the right going ""fake news"" there is nothing to suggest the BBC fall on the left of anything, but there's plenty of eyebrow raising stuff in regards to their relationship to the right",hot_take
"Probably the same reason he has left his other teams, the club not wanting to spend money on his transfer targets. Now how this will change in Juve, I don't know, maybe some Juve fans can tell us if they have the budget for him.",hot_take
"I think aside from being injured a lot and the ridicule for his saudi adventure, he didn't overachieve, but he filled a role they needed him for and did his job. I think a player like Henderson has an effect for the club that goes beyond the pitch though. I think a player like that brings a lot of good things to a dressing room I can imagine.",hot_take
"He was arguably just as good as Modric at the 2018 World Cup but other than that he was very underwhelming imo, absolutely nowhere near as good as for Barcelona",hot_take
Genuine question. If the “unnamed premier league player” was released where would he go? Can he leave the country to sign for another team? Surely an English team wouldn’t want to take on the risk of the player going to jail. If they did sign him it wouldn’t be a good look if the papers are ever allowed to name him.,hot_take
Why isnt Tudor staying in Juve? He seems to be doing a solid enough job.,hot_take
Lol at the xG being less than 1 when Sørloth scored his fourth goal,banter
"Getting 9 g/a while only playing half a season (he wasn't fit at the start and was mostly subbed in at the end or subbed off pretty early) in one of the worst teams in eredivisie history (before he joined/was fit) from midfield is already impressive, even more so considering that it is not all about g/a and his play just looked good in general",analysis
"I also foolishly thought it was normal to have legendary players like Kluivert, Van Nistelrooij, Makaay, Jimmy-Floid Hasselbaink and Van Hooijdonk compete for 1 striker spot at the same time.",banter
Alan Shearer turned down Man Utd,analysis
Apparently rumoured to get loaned out next season for all we know. Newcastle has been reported but nothing known as of yet.,analysis
It's Club Brugge after all,banter
"Ever since the ""We shouldn't give cards in a game like this"" excuse or whatever the quote was, it's seriously undermined the integrity of the sport. The moment or context of the game shouldn't influence the outcome of what is clearly a cardable offense.",hot_take
It's okay I forgive you babe.,banter
"10000 ddays in the club is long enough, you're going home. (Yes, I know his tenure was longer and he is not retiring but I couldn't help myself)",banter
it's a sweet combo ngl,banter
"The BBC Middle East head editor has a published book about how cool Mossad is, they aren't in the middle",hot_take
"I'm not a mod, mate. What are you on about.",banter
It's not. The DD is full of moaners who literally only comment here to moan and don't actually engage in the threads they claim they're desperate to save. Happens for any sort of controversial topic.,hot_take
Serious question are you 5 years old? Do you think xG is everything?,banter
"these are the stats we need, xG and all that shit is woke nonsense",hot_take
He's not average by any means. He just feels comfortable around a striker who sets the line and allows him to play in the space behind the midfield and be chaotic. He never found that and had to play roles that never suited him. Obviously he was never good enough to create a team around him. But Marcelino found a way.,analysis
"According to [https://www.messivsronaldo.app/match-histories/messi-match-history/](https://www.messivsronaldo.app/match-histories/messi-match-history/) Messi has 192 assists in La Liga, I'm curious to know which one fbref didn't count",hot_take
"Quite. Plus the people he surrounds himself with consistently embarrass him (his brothers tour tickets given to them by the club, his cousin he invited to his leaving party made Hillsborough dog whistles and made Liverpool poor jokes). Him shushing the away fans hardly helped as well",analysis
0.91 : 2.12 xG 5 : 1 Goals,analysis
"You are the one who first mentioned pressing btw. Messi and Ronaldo didn't ghost often just to score. They were massive contributors to the team not just with goals. Am I actually defending the two best players ever? Lmao Mbappe was genuinely a ghost, in fact there were other french forwards playing better than him that match. Zero threats to our defense or midfield, he scored when he had to obviously but not much outside of that.",analysis
"United leaks like a sieve (they’re a bad club in so many ways), but he was refusing to take part in pressing drills and mockingly taking part at other times. Like does he not understand modern football? It’s not 2003 any more, he’s nearly closer to state pension age than his age at debut, football has moved on and nobody gets a free ride on the team anymore unless you wanna play a joke league or a team that nosedives.",hot_take
"Liverpool get away with everything since Klopp started his heavy metal football slogan bs, defender pushed from the back? it's just high pressing",hot_take
"Modric is crazy good even now. When he was entering in El Clasicos, the midfield vibe was significantly shifting. Not surprised by this decision, but clearly sad. I still can't understand why Madrid had him and not Barca 🥺",hot_take
Winning the final gets CL football.,analysis
He's younger than Jude somehow,banter
Like buying Zirkzee after buying Hojlund a season before? I don't remember Hojlund being injured either. All this while also buying Chido from us who was on the bench.,analysis
> discussion of an ongoing genocide On a football forum.,hot_take
"I can’t say you’re doing much to avoid seeing Arsenal fans talking about injuries when you’re clicking on and engaging in discussions on a thread about Timber having surgery,",hot_take
"I expect many boos for TAA in that last game, if he doesn't play then when he lifts the trophy.",hot_take
"Oh no my phone auto corrected to the wrong word, I’m so embarrassed",banter
Haven't watched much this season but maybe Ruud at Leicester? Although I look at Kompany with Bayern after his season with Burnley and wonder if it's a team level issue. Someone who's paid more attention to his tactics would have a better idea than me,analysis
Time marches on. The game leaves some old fellas behind. Lot of these people need to take a graceful step down a league or two.,hot_take
It's just very typical that the only people who actually cry about locked Palestine threads are the one who almost never comment in this sub.,hot_take
3 midfielders with another fullback inverting and somehow Arsenal still have an empty midfield. Where is all that space coming from?,analysis
"Barry at the base of the midfield was the foundation of so many great teams. Citeh’s first title team, O’Neil’s top 4 challenging Villa, Martinez’s Everton. So underrated after Benitez wanted him to replace Alonso.",analysis
"Personally disagree, Caicedo is a monster in midfield, only behind Pedri for possessions won while also being great on the ball. I appreciate if you disagree, but even then I don't think there's enough gap in either their cost or their ability to make up for the huge gap in their public perception.",analysis
"That could work with Mbappe and Vinny upfront, Camiavinga Bellingham and Valverde in the midfield, with TAA and Mendi as wing backs.",analysis
"All you need are some good, physical runners in the midfield + a decent high press to beat us, so I wouldn't be worried if I were you.",hot_take
We are probably going for him to have more physicality in midfield. Our midfield get outbodied all the time and we need someone like him with good mix of physicallity and technique.,analysis
